Category,Author,Subject,Message
spam,johndoe@example.com,"Claim your exclusive offer","Dear Voucher Holder, To claim this weeks offer, at you PC please go to http://www.e-tlp.co.uk/expressoffer/ phishing-example.org Ts&Cs apply. To stop texts, txt STOP to 80062"
ham,angel@gmail.com,"Trip to Jurong Point","Go until jurong point, crazy.. Available only in bugis n great world la e buffet... Cine there got amore wat..."
ham,unknown@example.com,"Casual joke","Ok lar... Joking wif u oni..."
spam,offers@example.com,"Win FA Cup Tickets","Free entry in 2 a wkly comp to win FA Cup final tkts 21st May 2005. Text FA to 87121 to receive entry question(std txt rate)T&C's apply 08452810075over18's"
ham,unknown@example.com,"Replying late","U dun say so early hor... U c already then say..."
ham,friend@example.com,"Not from USF","Nah I don't think he goes to usf, he lives around here though"
spam,unknown@example.com,"Miss you!","FreeMsg Hey there darling it's been 3 week's now and no word back! I'd like some fun you up for it still? Tb ok! XxX std chgs to send, £1.50 to rcv"

spam,amigo@falso.com,free win,win free
